index,rank,song,artist_base,artist_all,year
0,"1
",thrift shop,macklemore & ryan lewis,macklemore & ryan lewis  featuring  wanz,2013
1,"2
",blurred lines,robin thicke,robin thicke  featuring  t.i.  and  pharrell williams,2013
2,"3
",radioactive,imagine dragons,imagine dragons,2013
3,"4
",harlem shake,baauer,baauer,2013
4,"5
",can't hold us,macklemore & ryan lewis,macklemore & ryan lewis  featuring  ray dalton,2013
5,"6
",mirrors,justin timberlake,justin timberlake,2013
6,"7
",just give me a reason,pink,pink  featuring  nate ruess,2013
7,"8
",when i was your man,bruno mars,bruno mars,2013
8,"9
",cruise,florida georgia line,florida georgia line  featuring  nelly,2013
9,"10
",roar,katy perry,katy perry,2013
10,"11
",locked out of heaven,bruno mars,bruno mars,2013
11,"12
",ho hey,the lumineers,the lumineers,2013
12,"13
",stay,rihanna,rihanna  featuring  mikky ekko,2013
13,"14
",get lucky,daft punk,daft punk  featuring  pharrell williams,2013
14,"15
",royals,lorde,lorde,2013
15,"16
",i knew you were trouble,taylor swift,taylor swift,2013
16,"17
",we can't stop,miley cyrus,miley cyrus,2013
17,"18
",wrecking ball,miley cyrus,miley cyrus,2013
18,"19
",wake me up,avicii,avicii,2013
19,"20
",suit & tie,justin timberlake,justin timberlake  featuring  jay-z,2013
20,"21
",cups (pitch perfect's ,anna kendrick,anna kendrick,2013
21,"22
",holy grail,jay-z,jay-z  featuring  justin timberlake,2013
22,"23
",scream & shout,will.i.am,will.i.am  featuring  britney spears,2013
23,"24
",clarity,zedd,zedd  featuring  foxes,2013
24,"25
",sail,awolnation,awolnation,2013
25,"26
",don't you worry child,swedish house mafia,swedish house mafia  featuring  john martin,2013
26,"27
",diamonds,rihanna,rihanna,2013
27,"28
",i love it,icona pop,icona pop  featuring  charli xcx,2013
28,"29
",safe and sound,capital cities,capital cities,2013
29,"30
",treasure,bruno mars,bruno mars,2013
30,"31
",the way,ariana grande,ariana grande  featuring  mac miller,2013
31,"32
",started from the bottom,drake,drake,2013
32,"33
",come & get it,selena gomez,selena gomez,2013
33,"34
","hold on, we're going home",drake,drake  featuring  majid jordan,2013
34,"35
",daylight,maroon 5,maroon 5,2013
35,"36
",feel this moment,pitbull,pitbull  featuring  christina aguilera,2013
36,"37
",applause,lady gaga,lady gaga,2013
37,"38
",one more night,maroon 5,maroon 5,2013
38,"39
",love me,lil wayne,lil wayne  featuring  drake  and  future,2013
39,"40
",my songs know what you did in the dark (light em up),fall out boy,fall out boy,2013
40,"41
",fuckin' problems,asap rocky,"asap rocky  featuring  drake ,  2 chainz  and  kendrick lamar",2013
41,"42
",beauty and a beat,justin bieber,justin bieber  featuring  nicki minaj,2013
42,"43
",same love,macklemore & ryan lewis,macklemore & ryan lewis  featuring  mary lambert,2013
43,"44
",sweet nothing,calvin harris,calvin harris  featuring  florence welch,2013
44,"45
",summertime sadness,lana del rey,lana del rey  and  cédric gervais,2013
45,"46
",home,phillip phillips,phillip phillips,2013
46,"47
",it's time,imagine dragons,imagine dragons,2013
47,"48
",power trip,j. cole,j. cole  featuring  miguel,2013
48,"49
",girl on fire,alicia keys,alicia keys,2013
49,"50
",heart attack,demi lovato,demi lovato,2013
50,"51
",love somebody,maroon 5,maroon 5,2013
51,"52
",i will wait,mumford & sons,mumford & sons,2013
52,"53
",try,pink,pink,2013
53,"54
",wagon wheel,darius rucker,darius rucker,2013
54,"55
",gangnam style,psy,psy,2013
55,"56
",i need your love,calvin harris,calvin harris  featuring  ellie goulding,2013
56,"57
",die young,kesha,kesha,2013
57,"58
",some nights,fun,fun,2013
58,"59
",bad,wale,wale  featuring  tiara thomas,2013
59,"60
",boys 'round here,blake shelton,blake shelton  featuring  pistol annies  and friends,2013
60,"61
","gone, gone, gone",phillip phillips,phillip phillips,2013
61,"62
",demons,imagine dragons,imagine dragons,2013
62,"63
",counting stars,onerepublic,onerepublic,2013
63,"64
",i cry,flo rida,flo rida,2013
64,"65
",little talks,of monsters and men,of monsters and men,2013
65,"66
",the other side,jason derulo,jason derulo,2013
66,"67
",berzerk,eminem,eminem,2013
67,"68
",catch my breath,kelly clarkson,kelly clarkson,2013
68,"69
",crash my party,luke bryan,luke bryan,2013
69,"70
",pour it up,rihanna,rihanna,2013
70,"71
",22,taylor swift,taylor swift,2013
71,"72
",i want crazy,hunter hayes,hunter hayes,2013
72,"73
",the fox (what does the fox say?),ylvis,ylvis,2013
73,"74
",best song ever,one direction,one direction,2013
74,"75
",the a team,ed sheeran,ed sheeran,2013
75,"76
",carry on,fun,fun,2013
76,"77
",highway don't care,tim mcgraw,tim mcgraw  featuring  taylor swift  and  keith urban,2013
77,"78
",that's my kind of night,luke bryan,luke bryan,2013
78,"79
",swimming pools (drank),kendrick lamar,kendrick lamar,2013
79,"80
",sure be cool if you did,blake shelton,blake shelton,2013
80,"81
",#beautiful,mariah carey,mariah carey  featuring  miguel,2013
81,"82
",troublemaker,olly murs,olly murs  featuring  flo rida,2013
82,"83
",body party,ciara,ciara,2013
83,"84
",adorn,miguel,miguel,2013
84,"85
",hall of fame,the script,the script  featuring  will.i.am,2013
85,"86
",let me love you (until you learn to love yourself),ne-yo,ne-yo,2013
86,"87
",u.o.e.n.o.,rocko,rocko  featuring  future  and  rick ross,2013
87,"88
",next to me,emeli sandé,emeli sandé,2013
88,"89
",mama's broken heart,miranda lambert,miranda lambert,2013
89,"90
",it goes like this,thomas rhett,thomas rhett,2013
90,"91
",bugatti,ace hood,ace hood  featuring  future  and  rick ross,2013
91,"92
",wanted,hunter hayes,hunter hayes,2013
92,"93
",downtown,lady antebellum,lady antebellum,2013
93,"94
",get your shine on,florida georgia line,florida georgia line,2013
94,"95
",#thatpower,will.i.am,will.i.am  featuring  justin bieber,2013
95,"96
",brave,sara bareilles,sara bareilles,2013
96,"97
",let her go,passenger,passenger,2013
97,"98
",runnin' outta moonlight,randy houser,randy houser,2013
98,"99
",i'm different,2 chainz,2 chainz,2013
99,"100
",still into you,paramore,paramore,2013
0,"1
",happy,pharrell williams,pharrell williams,2014
1,"2
",dark horse,katy perry,katy perry  featuring  juicy j,2014
2,"3
",all of me,john legend,john legend,2014
3,"4
",fancy,iggy azalea,iggy azalea  featuring  charli xcx,2014
4,"5
",counting stars,onerepublic,onerepublic,2014
5,"6
",talk dirty,jason derulo,jason derulo  featuring  2 chainz,2014
6,"7
",rude,magic!,magic!,2014
7,"8
",all about that bass,meghan trainor,meghan trainor,2014
8,"9
",problem,ariana grande,ariana grande  featuring  iggy azalea,2014
9,"10
",stay with me,sam smith,sam smith,2014
10,"11
",timber,pitbull,pitbull  featuring  kesha,2014
11,"12
",pompeii,bastille,bastille,2014
12,"13
",shake it off,taylor swift,taylor swift,2014
13,"14
",am i wrong,nico & vinz,nico & vinz,2014
14,"15
",turn down for what,dj snake,dj snake  and  lil jon,2014
15,"16
",the monster,eminem,eminem  featuring  rihanna,2014
16,"17
",say something,a great big world,a great big world  and  christina aguilera,2014
17,"18
",team,lorde,lorde,2014
18,"19
",let her go,passenger,passenger,2014
19,"20
",royals,lorde,lorde,2014
20,"21
",let it go,idina menzel,idina menzel,2014
21,"22
",wake me up,avicii,avicii,2014
22,"23
",demons,imagine dragons,imagine dragons,2014
23,"24
",story of my life,one direction,one direction,2014
24,"25
",chandelier,sia furler,sia,2014
25,"26
",black widow,iggy azalea,iggy azalea  featuring  rita ora,2014
26,"27
",bang bang,jessie j,"jessie j ,  ariana grande  and  nicki minaj",2014
27,"28
",latch,disclosure,disclosure  featuring  sam smith,2014
28,"29
",maps,maroon 5,maroon 5,2014
29,"30
",loyal,chris brown,chris brown  featuring  lil wayne  and  french montana  or  too short  or  tyga,2014
30,"31
",best day of my life,american authors,american authors,2014
31,"32
",habits (stay high),tove lo,tove lo,2014
32,"33
",summer,calvin harris,calvin harris,2014
33,"34
",boom clap,charli xcx,charli xcx,2014
34,"35
",drunk in love,beyoncé,beyoncé  featuring  jay-z,2014
35,"36
",anaconda,nicki minaj,nicki minaj,2014
36,"37
",break free,ariana grande,ariana grande  featuring  zedd,2014
37,"38
",bailando,enrique iglesias,enrique iglesias  featuring  descemer bueno  and  gente de zona,2014
38,"39
",burn,ellie goulding,ellie goulding,2014
39,"40
",wiggle,jason derulo,jason derulo  featuring  snoop dogg,2014
40,"41
",rather be,clean bandit,clean bandit  featuring  jess glynne,2014
41,"42
",don't tell 'em,jeremih,jeremih  featuring  yg,2014
42,"43
",show me,kid ink,kid ink  featuring  chris brown,2014
43,"44
",wrecking ball,miley cyrus,miley cyrus,2014
44,"45
",not a bad thing,justin timberlake,justin timberlake,2014
45,"46
",roar,katy perry,katy perry,2014
46,"47
",ain't it fun,paramore,paramore,2014
47,"48
",the man,aloe blacc,aloe blacc,2014
48,"49
",this is how we roll,florida georgia line,florida georgia line  featuring  luke bryan,2014
49,"50
",classic,mkto,mkto,2014
50,"51
",a sky full of stars,coldplay,coldplay,2014
51,"52
",don't,ed sheeran,ed sheeran,2014
52,"53
",na na,trey songz,trey songz,2014
53,"54
",hot boy,bobby shmurda,bobby shmurda,2014
54,"55
","hold on, we're going home",drake,drake  featuring  majid jordan,2014
55,"56
",sing,ed sheeran,ed sheeran,2014
56,"57
",radioactive,imagine dragons,imagine dragons,2014
57,"58
",my hitta,yg,yg  featuring  jeezy  and  rich homie quan,2014
58,"59
",cool kids,echosmith,echosmith,2014
59,"60
",hey brother,avicii,avicii,2014
60,"61
",trumpets,jason derulo,jason derulo,2014
61,"62
",animals,maroon 5,maroon 5,2014
62,"63
",burnin' it down,jason aldean,jason aldean,2014
63,"64
",play it again,luke bryan,luke bryan,2014
64,"65
",2 on,tinashe,tinashe  featuring  schoolboy q,2014
65,"66
",dirt,florida georgia line,florida georgia line,2014
66,"67
",love runs out,onerepublic,onerepublic,2014
67,"68
",bottoms up,brantley gilbert,brantley gilbert,2014
68,"69
",shower,becky g,becky g,2014
69,"70
",me and my broken heart,rixton,rixton,2014
70,"71
",animals,martin garrix,martin garrix,2014
71,"72
",lifestyle,rich gang,rich gang  featuring  young thug  and  rich homie quan,2014
72,"73
",american kids,kenny chesney,kenny chesney,2014
73,"74
",brave,sara bareilles,sara bareilles,2014
74,"75
",sweater weather,the neighbourhood,the neighbourhood,2014
75,"76
",leave the night on,sam hunt,sam hunt,2014
76,"77
",new flame,chris brown,chris brown  featuring  usher  and  rick ross,2014
77,"78
",love never felt so good,michael jackson,michael jackson  and  justin timberlake,2014
78,"79
",drunk on a plane,dierks bentley,dierks bentley,2014
79,"80
",birthday,katy perry,katy perry,2014
80,"81
",bartender,lady antebellum,lady antebellum,2014
81,"82
",la la la,naughty boy,naughty boy  featuring  sam smith,2014
82,"83
",blurred lines,robin thicke,robin thicke  featuring  t.i.  and  pharrell williams,2014
83,"84
",do what u want,lady gaga,lady gaga  featuring  r. kelly,2014
84,"85
",can't remember to forget you,shakira,shakira  featuring  rihanna,2014
85,"86
",amnesia,5 seconds of summer,5 seconds of summer,2014
86,"87
",no mediocre,t.i.,t.i.  featuring  iggy azalea,2014
87,"88
",come with me now,kongos,kongos,2014
88,"89
",believe me,lil wayne,lil wayne  featuring  drake,2014
89,"90
",23,mike will made it,"mike will made-it  featuring  miley cyrus ,  wiz khalifa , and  juicy j",2014
90,"91
",beachin',jake owen,jake owen,2014
91,"92
",white walls,macklemore & ryan lewis,macklemore & ryan lewis  featuring  schoolboy q  and  hollis,2014
92,"93
",she looks so perfect,5 seconds of summer,5 seconds of summer,2014
93,"94
",stay the night,zedd,zedd  featuring  hayley williams,2014
94,"95
",partition,beyoncé,beyoncé,2014
95,"96
",studio,schoolboy q,schoolboy q  featuring  bj the chicago kid,2014
96,"97
",0 to 100 / the catch up,drake,drake,2014
97,"98
",i don't dance,lee brice,lee brice,2014
98,"99
",somethin' bad,miranda lambert,miranda lambert  and  carrie underwood,2014
99,"100
",adore you,miley cyrus,miley cyrus,2014
0,"1
",uptown funk,mark ronson,mark ronson  featuring  bruno mars,2015
1,"2
",thinking out loud,ed sheeran,ed sheeran,2015
2,"3
",see you again,wiz khalifa,wiz khalifa  featuring  charlie puth,2015
3,"4
",trap queen,fetty wap,fetty wap,2015
4,"5
",sugar,maroon 5,maroon 5,2015
5,"6
",shut up and dance,walk the moon,walk the moon,2015
6,"7
",blank space,taylor swift,taylor swift,2015
7,"8
",watch me,silentó,silentó,2015
8,"9
",earned it,the weeknd,the weeknd,2015
9,"10
",the hills,the weeknd,the weeknd,2015
10,"11
",cheerleader,omi,omi,2015
11,"12
",can't feel my face,the weeknd,the weeknd,2015
12,"13
",love me like you do,ellie goulding,ellie goulding,2015
13,"14
",take me to church,hozier,hozier,2015
14,"15
",bad blood,taylor swift,taylor swift  featuring  kendrick lamar,2015
15,"16
",lean on,major lazer,major lazer  and  dj snake  featuring  mø,2015
16,"17
",want to want me,jason derulo,jason derulo,2015
17,"18
",shake it off,taylor swift,taylor swift,2015
18,"19
",where are ü now,skrillex,skrillex  and  diplo  featuring  justin bieber,2015
19,"20
",fight song,rachel platten,rachel platten,2015
20,"21
",679,fetty wap,fetty wap  featuring remy boyz,2015
21,"22
",lips are movin,meghan trainor,meghan trainor,2015
22,"23
",worth it,fifth harmony,fifth harmony  featuring  kid ink,2015
23,"24
",post to be,omarion,omarion  featuring  chris brown  and  jhené aiko,2015
24,"25
","honey, i'm good.",andy grammer,andy grammer,2015
25,"26
",i'm not the only one,sam smith,sam smith,2015
26,"27
",good for you,selena gomez,selena gomez  featuring  asap rocky,2015
27,"28
",all about that bass,meghan trainor,meghan trainor,2015
28,"29
",style,taylor swift,taylor swift,2015
29,"30
",hotline bling,drake,drake,2015
30,"31
",hey mama,david guetta,"david guetta  featuring  nicki minaj ,  bebe rexha  and  afrojack",2015
31,"32
",g.d.f.r.,flo rida,flo rida  featuring  sage the gemini  and  lookas,2015
32,"33
",what do you mean?,justin bieber,justin bieber,2015
33,"34
",photograph,ed sheeran,ed sheeran,2015
34,"35
",hello,adele,adele,2015
35,"36
",stitches,shawn mendes,shawn mendes,2015
36,"37
",talking body,tove lo,tove lo,2015
37,"38
",jealous,nick jonas,nick jonas,2015
38,"39
",time of our lives,pitbull,pitbull  and  ne-yo,2015
39,"40
",locked away,r. city,r. city  featuring  adam levine,2015
40,"41
",somebody,natalie la rose,natalie la rose  featuring  jeremih,2015
41,"42
",fourfiveseconds,rihanna,"rihanna ,  kanye west  and  paul mccartney",2015
42,"43
",centuries,fall out boy,fall out boy,2015
43,"44
",my way,fetty wap,fetty wap  featuring monty,2015
44,"45
",take your time,sam hunt,sam hunt,2015
45,"46
",animals,maroon 5,maroon 5,2015
46,"47
",i don't fuck with you,big sean,big sean  featuring  e-40,2015
47,"48
",bitch better have my money,rihanna,rihanna,2015
48,"49
","flex (ooh, ooh, ooh)",rich homie quan,rich homie quan,2015
49,"50
",nasty freestyle,t-wayne,t-wayne,2015
50,"51
",only,nicki minaj,"nicki minaj  featuring  drake ,  lil wayne  and  chris brown",2015
51,"52
",elastic heart,sia furler,sia,2015
52,"53
",cool for the summer,demi lovato,demi lovato,2015
53,"54
",renegades,x ambassadors,x ambassadors,2015
54,"55
",i don't mind,usher,usher  featuring  juicy j,2015
55,"56
",love me harder,ariana grande,ariana grande  and  the weeknd,2015
56,"57
",wildest dreams,taylor swift,taylor swift,2015
57,"58
",stay with me,sam smith,sam smith,2015
58,"59
",you know you like it,dj snake,dj snake  and  alunageorge,2015
59,"60
",uma thurman,fall out boy,fall out boy,2015
60,"61
",7/11,beyoncé,beyoncé,2015
61,"62
",the heart wants what it wants,selena gomez,selena gomez,2015
62,"63
",girl crush,little big town,little big town,2015
63,"64
",slow motion,trey songz,trey songz,2015
64,"65
",drag me down,one direction,one direction,2015
65,"66
",truffle butter,nicki minaj,nicki minaj  featuring  drake  and  lil wayne,2015
66,"67
",one last time,ariana grande,ariana grande,2015
67,"68
",chains,nick jonas,nick jonas,2015
68,"69
",all eyes on you,meek mill,meek mill  featuring  chris brown  and  nicki minaj,2015
69,"70
",no type,rae sremmurd,rae sremmurd,2015
70,"71
",riptide,vance joy,vance joy,2015
71,"72
",classic man,jidenna,jidenna  featuring  roman gianarthur,2015
72,"73
",ex's & oh's,elle king,elle king,2015
73,"74
",dear future husband,meghan trainor,meghan trainor,2015
74,"75
",marvin gaye,charlie puth,charlie puth  featuring  meghan trainor,2015
75,"76
",like i'm gonna lose you,meghan trainor,meghan trainor  featuring  john legend,2015
76,"77
",habits (stay high),tove lo,tove lo,2015
77,"78
",the hanging tree,james newton howard,james newton howard  featuring  jennifer lawrence,2015
78,"79
",coco,o.t. genasis,o.t. genasis,2015
79,"80
",bang bang,jessie j,"jessie j ,  ariana grande  and  nicki minaj",2015
80,"81
",lay me down,sam smith,sam smith,2015
81,"82
",tuesday,ilovemakonnen,ilovemakonnen  featuring  drake,2015
82,"83
",hit the quan,ilovememphis,ilovememphis,2015
83,"84
",downtown,macklemore & ryan lewis,"macklemore & ryan lewis  featuring  eric nally ,  melle mel ,  kool moe dee  and  grandmaster caz",2015
84,"85
",house party,sam hunt,sam hunt,2015
85,"86
",ayo,chris brown,chris brown  and  tyga,2015
86,"87
",kick the dust up,luke bryan,luke bryan,2015
87,"88
",blessings,big sean,big sean  featuring  drake,2015
88,"89
",budapest,george ezra,george ezra,2015
89,"90
",chandelier,sia furler,sia,2015
90,"91
",heartbeat song,kelly clarkson,kelly clarkson,2015
91,"92
",don't,ed sheeran,ed sheeran,2015
92,"93
",ghost,ella henderson,ella henderson,2015
93,"94
",here,alessia cara,alessia cara,2015
94,"95
",waves,mr probz,mr probz,2015
95,"96
",el perdón,nicky jam,nicky jam  and  enrique iglesias,2015
96,"97
",she knows,ne-yo,ne-yo  featuring  juicy j,2015
97,"98
",night changes,one direction,one direction,2015
98,"99
",back to back,drake,drake,2015
99,"100
",how deep is your love,calvin harris,calvin harris  and  disciples,2015
0,"1
",love yourself,justin bieber,justin bieber,2016
1,"2
",sorry,justin bieber,justin bieber,2016
2,"3
",one dance,drake,drake  featuring  wizkid  and  kyla,2016
3,"4
",work,rihanna,rihanna  featuring  drake,2016
4,"5
",stressed out,twenty one pilots,twenty one pilots,2016
5,"6
",panda,desiigner,desiigner,2016
6,"7
",hello,adele,adele,2016
7,"8
",don't let me down,the chainsmokers,the chainsmokers  featuring  daya,2016
8,"9
",can't stop the feeling!,justin timberlake,justin timberlake,2016
9,"10
",closer,the chainsmokers,the chainsmokers  featuring  halsey,2016
10,"11
",cheap thrills,sia,sia  featuring  sean paul,2016
11,"12
",7 years,lukas graham,lukas graham,2016
12,"13
",needed me,rihanna,rihanna,2016
13,"14
",my house,flo rida,flo rida,2016
14,"15
",i took a pill in ibiza,mike posner,mike posner,2016
15,"16
",work from home,fifth harmony,fifth harmony  featuring  ty dolla $ign,2016
16,"17
",this is what you came for,calvin harris,calvin harris  featuring  rihanna,2016
17,"18
",cake by the ocean,dnce,dnce,2016
18,"19
","me, myself & i",g-eazy,g-eazy  and  bebe rexha,2016
19,"20
",ride,twenty one pilots,twenty one pilots,2016
20,"21
",heathens,twenty one pilots,twenty one pilots,2016
21,"22
",pillowtalk,zayn malik,zayn,2016
22,"23
",stitches,shawn mendes,shawn mendes,2016
23,"24
",hotline bling,drake,drake,2016
24,"25
",cold water,major lazer,major lazer  featuring  justin bieber  and  mø,2016
25,"26
",send my love (to your new lover),adele,adele,2016
26,"27
",roses,the chainsmokers,the chainsmokers  featuring  rozes,2016
27,"28
",treat you better,shawn mendes,shawn mendes,2016
28,"29
",too good,drake,drake  featuring  rihanna,2016
29,"30
",low life,future,future  featuring  the weeknd,2016
30,"31
",what do you mean?,justin bieber,justin bieber,2016
31,"32
",the hills,the weeknd,the weeknd,2016
32,"33
",just like fire,pink,pink,2016
33,"34
",broccoli,dram,dram  featuring  lil yachty,2016
34,"35
",don't,bryson tiller,bryson tiller,2016
35,"36
",dangerous woman,ariana grande,ariana grande,2016
36,"37
",jumpman,drake,drake  and  future,2016
37,"38
","i hate u, i love u",gnash,gnash  featuring  olivia o'brien,2016
38,"39
",here,alessia cara,alessia cara,2016
39,"40
",same old love,selena gomez,selena gomez,2016
40,"41
",controlla,drake,drake,2016
41,"42
",like i'm gonna lose you,meghan trainor,meghan trainor  featuring  john legend,2016
42,"43
",one call away,charlie puth,charlie puth,2016
43,"44
",let it go,james bay,james bay,2016
44,"45
",no,meghan trainor,meghan trainor,2016
45,"46
",never forget you,zara larsson,zara larsson  and  mnek,2016
46,"47
",let me love you,dj snake,dj snake  featuring  justin bieber,2016
47,"48
",don't mind,kent jones,kent jones,2016
48,"49
",h.o.l.y.,florida georgia line,florida georgia line,2016
49,"50
",we don't talk anymore,charlie puth,charlie puth  featuring  selena gomez,2016
50,"51
",into you,ariana grande,ariana grande,2016
51,"52
",gold,kiiara,kiiara,2016
52,"53
",exchange,bryson tiller,bryson tiller,2016
53,"54
",679,fetty wap,fetty wap  featuring remy boyz,2016
54,"55
",oui,jeremih,jeremih,2016
55,"56
",hands to myself,selena gomez,selena gomez,2016
56,"57
",2 phones,kevin gates,kevin gates,2016
57,"58
",starboy,the weeknd,the weeknd  featuring  daft punk,2016
58,"59
",for free,dj khaled,dj khaled  featuring  drake,2016
59,"60
",never be like you,flume,flume  featuring  kai,2016
60,"61
",in the night,the weeknd,the weeknd,2016
61,"62
",me too,meghan trainor,meghan trainor,2016
62,"63
",ex's & oh's,elle king,elle king,2016
63,"64
",die a happy man,thomas rhett,thomas rhett,2016
64,"65
",white iverson,post malone,post malone,2016
65,"66
",close,nick jonas,nick jonas  featuring  tove lo,2016
66,"67
",unsteady,x ambassadors,x ambassadors,2016
67,"68
",sucker for pain,lil wayne,"lil wayne ,  wiz khalifa  and  imagine dragons  with  logic  and  ty dolla $ign  featuring  x ambassadors",2016
68,"69
",down in the dm,yo gotti,yo gotti  featuring  nicki minaj,2016
69,"70
",luv,tory lanez,tory lanez,2016
70,"71
",sorry,beyoncé,beyoncé,2016
71,"72
",can't feel my face,the weeknd,the weeknd,2016
72,"73
",hymn for the weekend,coldplay,coldplay,2016
73,"74
",say it,tory lanez,tory lanez,2016
74,"75
",antidote,travis scott,travis scott,2016
75,"76
",lost boy,ruth b,ruth b,2016
76,"77
",side to side,ariana grande,ariana grande  featuring  nicki minaj,2016
77,"78
","sit still, look pretty",daya,daya,2016
78,"79
",wildest dreams,taylor swift,taylor swift,2016
79,"80
",middle,dj snake,dj snake  featuring  bipolar sunshine,2016
80,"81
",on my mind,ellie goulding,ellie goulding,2016
81,"82
",pop style,drake,drake  featuring  the throne,2016
82,"83
",when we were young,adele,adele,2016
83,"84
",hide away,daya,daya,2016
84,"85
",lean on,major lazer,major lazer  and  dj snake  featuring  mø,2016
85,"86
",i know what you did last summer,shawn mendes,shawn mendes  and  camila cabello,2016
86,"87
",all the way up,fat joe,"fat joe ,  remy ma  and  jay-z  featuring  french montana  and infared",2016
87,"88
",watch me,silentó,silentó,2016
88,"89
",back to sleep,chris brown,chris brown,2016
89,"90
",no limit,usher,usher  featuring  young thug,2016
90,"91
",cut it,o.t. genasis,o.t. genasis  featuring  young dolph,2016
91,"92
",really really,kevin gates,kevin gates,2016
92,"93
",all in my head (flex),fifth harmony,fifth harmony  featuring  fetty wap,2016
93,"94
",starving,hailee steinfeld,hailee steinfeld  and  grey  featuring  zedd,2016
94,"95
",adventure of a lifetime,coldplay,coldplay,2016
95,"96
",humble and kind,tim mcgraw,tim mcgraw,2016
96,"97
",wicked,future,future,2016
97,"98
",tiimmy turner,desiigner,desiigner,2016
98,"99
",see you again,wiz khalifa,wiz khalifa  featuring  charlie puth,2016
99,"100
",perfect,one direction,one direction,2016
0,"1
",shape of you,ed sheeran,ed sheeran,2017
1,"2
",despacito (remix),luis fonsi,luis fonsi  and  daddy yankee  featuring  justin bieber,2017
2,"3
",that's what i like,bruno mars,bruno mars,2017
3,"4
",humble,kendrick lamar,kendrick lamar,2017
4,"5
",something just like this,the chainsmokers,the chainsmokers  and  coldplay,2017
5,"6
",bad and boujee,migos,migos  featuring  lil uzi vert,2017
6,"7
",closer,the chainsmokers,the chainsmokers  featuring  halsey,2017
7,"8
",body like a back road,sam hunt,sam hunt,2017
8,"9
",believer,imagine dragons,imagine dragons,2017
9,"10
",congratulations,post malone,post malone  featuring  quavo,2017
10,"11
",say you won't let go,james arthur,james arthur,2017
11,"12
",i'm the one,dj khaled,"dj khaled  featuring  justin bieber ,  quavo ,  chance the rapper  and  lil wayne",2017
12,"13
",xo tour llif3,lil uzi vert,lil uzi vert,2017
13,"14
",mask off,future,future,2017
14,"15
",unforgettable,french montana,french montana  featuring  swae lee,2017
15,"16
",24k magic,bruno mars,bruno mars,2017
16,"17
",stay,zedd,zedd  and  alessia cara,2017
17,"18
",wild thoughts,dj khaled,dj khaled  featuring  rihanna  and  bryson tiller,2017
18,"19
",black beatles,rae sremmurd,rae sremmurd  featuring  gucci mane,2017
19,"20
",starboy,the weeknd,the weeknd  featuring  daft punk,2017
20,"21
",location,khalid,khalid,2017
21,"22
",attention,charlie puth,charlie puth,2017
22,"23
",there's nothing holdin' me back,shawn mendes,shawn mendes,2017
23,"24
",bodak yellow,cardi b,cardi b,2017
24,"25
",redbone,childish gambino,childish gambino,2017
25,"26
",i don't wanna live forever,zayn malik,zayn  and  taylor swift,2017
26,"27
",it ain't me,kygo,kygo  and  selena gomez,2017
27,"28
",ispy,kyle,kyle  featuring  lil yachty,2017
28,"29
",issues,julia michaels,julia michaels,2017
29,"30
",scars to your beautiful,alessia cara,alessia cara,2017
30,"31
",1-800-273-8255,logic,logic  featuring  alessia cara  and  khalid,2017
31,"32
",slow hands,niall horan,niall horan,2017
32,"33
",love on the brain,rihanna,rihanna,2017
33,"34
",i feel it coming,the weeknd,the weeknd  featuring  daft punk,2017
34,"35
",bounce back,big sean,big sean,2017
35,"36
",strip that down,liam payne,liam payne  featuring  quavo,2017
36,"37
",fake love,drake,drake,2017
37,"38
",don't wanna know,maroon 5,maroon 5  featuring  kendrick lamar,2017
38,"39
",look what you made me do,taylor swift,taylor swift,2017
39,"40
",castle on the hill,ed sheeran,ed sheeran,2017
40,"41
",bad things,machine gun kelly,machine gun kelly  and  camila cabello,2017
41,"42
",paris,the chainsmokers,the chainsmokers,2017
42,"43
",side to side,ariana grande,ariana grande  featuring  nicki minaj,2017
43,"44
",rockabye,clean bandit,clean bandit  featuring  sean paul  and  anne-marie,2017
44,"45
",feel it still,portugal. the man,portugal. the man,2017
45,"46
",let me love you,dj snake,dj snake  featuring  justin bieber,2017
46,"47
",sorry not sorry,demi lovato,demi lovato,2017
47,"48
",bank account,21 savage,21 savage,2017
48,"49
",can't stop the feeling!,justin timberlake,justin timberlake,2017
49,"50
",mi gente,j balvin,j balvin  and  willy william  featuring  beyoncé,2017
50,"51
",thunder,imagine dragons,imagine dragons,2017
51,"52
",t-shirt,migos,migos,2017
52,"53
",rake it up,yo gotti,yo gotti  featuring  nicki minaj,2017
53,"54
",mercy,shawn mendes,shawn mendes,2017
54,"55
",tunnel vision,kodak black,kodak black,2017
55,"56
",rockstar,post malone,post malone  featuring  21 savage,2017
56,"57
",in case you didn't know,brett young,brett young,2017
57,"58
",heathens,twenty one pilots,twenty one pilots,2017
58,"59
",now or never,halsey,halsey,2017
59,"60
",caroline,aminé,aminé,2017
60,"61
",rolex,ayo & teo,ayo & teo,2017
61,"62
",dna,kendrick lamar,kendrick lamar,2017
62,"63
",juju on that beat (tz anthem),zay hilfigerrr & zayion mccall,zay hilfigerrr & zayion mccall,2017
63,"64
",swang,rae sremmurd,rae sremmurd,2017
64,"65
",passionfruit,drake,drake,2017
65,"66
",loyalty,kendrick lamar,kendrick lamar  featuring  rihanna,2017
66,"67
",praying,kesha,kesha,2017
67,"68
",goosebumps,travis scott,travis scott,2017
68,"69
",cold,maroon 5,maroon 5  featuring  future,2017
69,"70
",broccoli,dram,dram  featuring  lil yachty,2017
70,"71
",slide,calvin harris,calvin harris  featuring  frank ocean  and  migos,2017
71,"72
",what ifs,kane brown,kane brown  featuring  lauren alaina,2017
72,"73
",chained to the rhythm,katy perry,katy perry  featuring  skip marley,2017
73,"74
",feels,calvin harris,"calvin harris  featuring  pharrell williams ,  katy perry  and  big sean",2017
74,"75
",all time low,jon bellion,jon bellion,2017
75,"76
",hurricane,luke combs,luke combs,2017
76,"77
",too good at goodbyes,sam smith,sam smith,2017
77,"78
",young dumb & broke,khalid,khalid,2017
78,"79
",magnolia,playboi carti,playboi carti,2017
79,"80
",love galore,sza,sza  featuring  travis scott,2017
80,"81
",drowning,a boogie wit da hoodie,a boogie wit da hoodie  featuring  kodak black,2017
81,"82
",starving,hailee steinfeld,hailee steinfeld  and  grey  featuring  zedd,2017
82,"83
",both,gucci mane,gucci mane  featuring  drake,2017
83,"84
",what about us,pink,pink,2017
84,"85
",swalla,jason derulo,jason derulo  featuring  nicki minaj  and  ty dolla sign,2017
85,"86
",slippery,migos,migos  featuring  gucci mane,2017
86,"87
",sign of the times,harry styles,harry styles,2017
87,"88
",water under the bridge,adele,adele,2017
88,"89
",malibu,miley cyrus,miley cyrus,2017
89,"90
",down,marian hill,marian hill,2017
90,"91
",no promises,cheat codes,cheat codes  featuring  demi lovato,2017
91,"92
",treat you better,shawn mendes,shawn mendes,2017
92,"93
",i get the bag,gucci mane,gucci mane  featuring  migos,2017
93,"94
",small town boy,dustin lynch,dustin lynch,2017
94,"95
",everyday we lit,yfn lucci,yfn lucci  featuring  pnb rock,2017
95,"96
",havana,camila cabello,camila cabello  featuring  young thug,2017
96,"97
",what lovers do,maroon 5,maroon 5  featuring  sza,2017
97,"98
",do re mi,blackbear,blackbear,2017
98,"99
",look at me!,xxxtentacion,xxxtentacion,2017
99,"100
",the fighter,keith urban,keith urban  featuring  carrie underwood,2017
0,"1
",god's plan,drake,drake,2018
1,"2
",perfect,ed sheeran,ed sheeran,2018
2,"3
",meant to be,bebe rexha,bebe rexha  featuring  florida georgia line,2018
3,"4
",havana,camila cabello,camila cabello  featuring  young thug,2018
4,"5
",rockstar,post malone,post malone  featuring  21 savage,2018
5,"6
",psycho,post malone,post malone  featuring  ty dolla sign,2018
6,"7
",i like it,cardi b,"cardi b ,  bad bunny  and  j balvin",2018
7,"8
",the middle,zedd,"zedd ,  maren morris  and  grey",2018
8,"9
",in my feelings,drake,drake,2018
9,"10
",girls like you,maroon 5,maroon 5  featuring  cardi b,2018
10,"11
",nice for what,drake,drake,2018
11,"12
",lucid dreams,juice wrld,juice wrld,2018
12,"13
",better now,post malone,post malone,2018
13,"14
",finesse,bruno mars,bruno mars  featuring  cardi b,2018
14,"15
",boo'd up,ella mai,ella mai,2018
15,"16
",new rules,dua lipa,dua lipa,2018
16,"17
",sad!,xxxtentacion,xxxtentacion,2018
17,"18
",never be the same,camila cabello,camila cabello,2018
18,"19
",love lies,khalid,khalid  and  normani,2018
19,"20
",no tears left to cry,ariana grande,ariana grande,2018
20,"21
",mine,bazzi,bazzi,2018
21,"22
",thunder,imagine dragons,imagine dragons,2018
22,"23
",look alive,blocboy jb,blocboy jb  featuring  drake,2018
23,"24
",delicate,taylor swift,taylor swift,2018
24,"25
",yes indeed,lil baby,lil baby  and  drake,2018
25,"26
",friends,marshmello,marshmello  and  anne-marie,2018
26,"27
",bad at love,halsey,halsey,2018
27,"28
",taste,tyga,tyga  featuring  offset,2018
28,"29
",let you down,nf,nf,2018
29,"30
",no limit,g-eazy,g-eazy  featuring  asap rocky  and  cardi b,2018
30,"31
",fefe,6ix9ine,6ix9ine  featuring  nicki minaj  and  murda beatz,2018
31,"32
",tequila,dan + shay,dan + shay,2018
32,"33
",feel it still,portugal. the man,portugal. the man,2018
33,"34
",motorsport,migos,"migos ,  nicki minaj  and  cardi b",2018
34,"35
",i like me better,lauv,lauv,2018
35,"36
",youngblood,5 seconds of summer,5 seconds of summer,2018
36,"37
",whatever it takes,imagine dragons,imagine dragons,2018
37,"38
",ric flair drip,offset,offset  and  metro boomin,2018
38,"39
",i fall apart,post malone,post malone,2018
39,"40
",pray for me,the weeknd,the weeknd  and  kendrick lamar,2018
40,"41
",back to you,selena gomez,selena gomez,2018
41,"42
",sicko mode,travis scott,travis scott,2018
42,"43
",walk it talk it,migos,migos  featuring  drake,2018
43,"44
",gucci gang,lil pump,lil pump,2018
44,"45
",him & i,g-eazy,g-eazy  and  halsey,2018
45,"46
",in my blood,shawn mendes,shawn mendes,2018
46,"47
",all the stars,kendrick lamar,kendrick lamar  and  sza,2018
47,"48
",stir fry,migos,migos,2018
48,"49
",too good at goodbyes,sam smith,sam smith,2018
49,"50
",love,kendrick lamar,kendrick lamar  featuring zacari,2018
50,"51
",this is america,childish gambino,childish gambino,2018
51,"52
",nonstop,drake,drake,2018
52,"53
",heaven,kane brown,kane brown,2018
53,"54
",bodak yellow,cardi b,cardi b,2018
54,"55
",freaky friday,lil dicky,lil dicky  featuring  chris brown,2018
55,"56
",gummo,6ix9ine,6ix9ine,2018
56,"57
",plug walk,rich the kid,rich the kid,2018
57,"58
",wait,maroon 5,maroon 5,2018
58,"59
",be careful,cardi b,cardi b,2018
59,"60
",wolves,selena gomez,selena gomez  and  marshmello,2018
60,"61
",bartier cardi,cardi b,cardi b  featuring  21 savage,2018
61,"62
",god is a woman,ariana grande,ariana grande,2018
62,"63
",big bank,yg,"yg  featuring  2 chainz ,  nicki minaj  and  big sean",2018
63,"64
",sorry not sorry,demi lovato,demi lovato,2018
64,"65
",how long,charlie puth,charlie puth,2018
65,"66
",lights down low,max schneider,max  featuring  gnash,2018
66,"67
",young dumb & broke,khalid,khalid,2018
67,"68
",one kiss,calvin harris,calvin harris  and  dua lipa,2018
68,"69
",natural,imagine dragons,imagine dragons,2018
69,"70
",you make it easy,jason aldean,jason aldean,2018
70,"71
",shape of you,ed sheeran,ed sheeran,2018
71,"72
",i get the bag,gucci mane,gucci mane  featuring  migos,2018
72,"73
",no brainer,dj khaled,"dj khaled  featuring  justin bieber ,  chance the rapper  and  quavo",2018
73,"74
",plain jane,asap ferg,asap ferg  featuring  nicki minaj,2018
74,"75
",sky walker,miguel,miguel  featuring  travis scott,2018
75,"76
",marry me,thomas rhett,thomas rhett,2018
76,"77
",eastside,benny blanco,"benny blanco ,  halsey  and  khalid",2018
77,"78
",call out my name,the weeknd,the weeknd,2018
78,"79
",king's dead,jay rock,"jay rock ,  kendrick lamar ,  future  and  james blake",2018
79,"80
",happier,marshmello,marshmello  and  bastille,2018
80,"81
",te boté,"nio garcía, darell and casper mágico featuring","nio garcía, darell and casper mágico featuring  bad bunny ,  nicky jam  and  ozuna",2018
81,"82
",simple,florida georgia line,florida georgia line,2018
82,"83
",lemon,n.e.r.d,n.e.r.d  and  rihanna,2018
83,"84
",1-800-273-8255,logic,logic  featuring  alessia cara  and  khalid,2018
84,"85
",say something,justin timberlake,justin timberlake  featuring  chris stapleton,2018
85,"86
",i'm upset,drake,drake,2018
86,"87
",get along,kenny chesney,kenny chesney,2018
87,"88
",moonlight,xxxtentacion,xxxtentacion,2018
88,"89
",what lovers do,maroon 5,maroon 5  featuring  sza,2018
89,"90
",x,nicky jam,nicky jam  and  j balvin,2018
90,"91
",outside today,youngboy never broke again,youngboy never broke again,2018
91,"92
",trip,ella mai,ella mai,2018
92,"93
",dura,daddy yankee,daddy yankee,2018
93,"94
",changes,xxxtentacion,xxxtentacion,2018
94,"95
",mercy,brett young,brett young,2018
95,"96
",one number away,luke combs,luke combs,2018
96,"97
",powerglide,rae sremmurd,rae sremmurd  featuring  juicy j,2018
97,"98
",idgaf,dua lipa,dua lipa,2018
98,"99
",mi gente,j balvin,j balvin  and  willy william  featuring  beyoncé,2018
99,"100
",believer,imagine dragons,imagine dragons,2018
