acousticness,danceability,duration_ms,energy,id,instrumentalness,key,liveness,loudness,mode,popularity,release_date,speechiness,spotify_album,spotify_artist,spotify_song,tempo,time_signature,type,uri,valence
0.503,0.651,197040.0,0.465,77iRifbhkJGvGBBRNykUwN,0.0455,4.0,0.495,-7.538,1.0,58.0,2016-09-09,0.0328,The End Of Comedy,Drugdealer,Suddenly,107.75,4.0,audio_features,spotify:track:77iRifbhkJGvGBBRNykUwN,0.585
0.646,0.0903,353732.0,0.362,31LKL7XfxR1PTm6Or9KTKv,0.402,7.0,0.106,-8.929,0.0,55.0,2019-04-05,0.0337,Titanic Rising,Weyes Blood,Movies,74.729,4.0,audio_features,spotify:track:31LKL7XfxR1PTm6Or9KTKv,0.0964
0.114,0.679,183525.0,0.71,6IY3cC281mz9q0bViUEldz,0.00322,8.0,0.255,-5.009,0.0,60.0,2017-07-28,0.0321,Content,Joywave,It's A Trip!,97.99,4.0,audio_features,spotify:track:6IY3cC281mz9q0bViUEldz,0.685
0.856,0.633,325155.0,0.565,1iJdIZU5Ffgixa92wrcZZC,0.00542,11.0,0.381,-11.125,1.0,49.0,2017-05-05,0.0614,Meeting Of The Waters,Animal Collective,Man Of Oil,109.951,4.0,audio_features,spotify:track:1iJdIZU5Ffgixa92wrcZZC,0.77
0.354,0.791,168253.0,0.506,77jyU4a7UBdbpZvaYcWYtX,2.47e-05,11.0,0.109,-4.702,0.0,2.0,2016-08-18,0.368,Help,Weaves,Help,77.74,4.0,audio_features,spotify:track:77jyU4a7UBdbpZvaYcWYtX,0.447
0.0801,0.706,229120.0,0.699,5Xan7abEunERTQRmECYSKq,0.166,8.0,0.17,-3.944,1.0,1.0,2015-12-07,0.171,Drag Me Down,Weaves,Drag Me Down,144.857,4.0,audio_features,spotify:track:5Xan7abEunERTQRmECYSKq,0.489
0.148,0.485,313000.0,0.659,7fGxqyHFmWrs3GhpwSht4H,0.00295,5.0,0.171,-5.83,1.0,33.0,2017-07-13,0.0293,EGO,RAC,Fever,85.996,4.0,audio_features,spotify:track:7fGxqyHFmWrs3GhpwSht4H,0.121
0.0415,0.479,210372.0,0.561,3rmdMmjzZUTU1kXrLfnCrM,1.07e-05,0.0,0.171,-7.499,1.0,43.0,2018-05-18,0.0324,Someday / Saturday,Phantogram,Someday,97.017,4.0,audio_features,spotify:track:3rmdMmjzZUTU1kXrLfnCrM,0.0429
0.112,0.575,144800.0,0.492,5uCOnavuGsjM1rQOPMxKRH,2.28e-05,10.0,0.094,-7.022,1.0,38.0,2018-05-18,0.0276,Someday / Saturday,Phantogram,Saturday,122.98,4.0,audio_features,spotify:track:5uCOnavuGsjM1rQOPMxKRH,0.208
0.839,0.292,220050.0,0.433,4BtnAROeVETnXcUHDK2Ahn,3.45e-05,0.0,0.144,-8.586,1.0,40.0,2019-03-08,0.0387,Beware of the Dogs,Stella Donnelly,Lunch,80.866,4.0,audio_features,spotify:track:4BtnAROeVETnXcUHDK2Ahn,0.217
0.0841,0.482,215327.0,0.441,0IKnrWWYY2cz0mHWKCft6A,0.0,4.0,0.105,-6.878,1.0,41.0,2019-03-08,0.0354,Beware of the Dogs,Stella Donnelly,Beware of the Dogs,75.28,3.0,audio_features,spotify:track:0IKnrWWYY2cz0mHWKCft6A,0.395
0.0383,0.496,201667.0,0.464,57mUVlvVkKYelyRMBSXgKx,0.00329,2.0,0.177,-7.032,1.0,3.0,2018-11-16,0.028,Cote,COTE,Cruel,105.053,4.0,audio_features,spotify:track:57mUVlvVkKYelyRMBSXgKx,0.159
0.0658,0.616,190482.0,0.649,0P9cVrBufbEl8EKoiDj8Tz,0.592,0.0,0.212,-8.07,1.0,3.0,2018-11-16,0.0247,Cote,COTE,Meet Me in the Morning,132.462,4.0,audio_features,spotify:track:0P9cVrBufbEl8EKoiDj8Tz,0.765
0.534,0.709,213633.0,0.464,42ri8tCtPeHfGQJTo7zIVX,0.575,7.0,0.0833,-8.481,1.0,44.0,2018-02-15,0.0287,Small Foreign Faction,Haley Blais,Small Foreign Faction,113.983,4.0,audio_features,spotify:track:42ri8tCtPeHfGQJTo7zIVX,0.556
0.0978,0.71,229017.0,0.448,4MGoadolIhue3MZ3bKgqR1,0.111,0.0,0.111,-10.875,1.0,33.0,2018-06-29,0.0313,Rabbit,Moon Panda,Rabbit,106.03,4.0,audio_features,spotify:track:4MGoadolIhue3MZ3bKgqR1,0.387
0.0399,0.776,147867.0,0.562,7K0iidDYDudSm9BoSt901M,0.0,9.0,0.138,-6.901,1.0,75.0,2019-05-08,0.363,RICKY,Denzel Curry,RICKY,169.03,4.0,audio_features,spotify:track:7K0iidDYDudSm9BoSt901M,0.521
0.0259,0.604,267156.0,0.66,37HiXJE6AXeMa9u8g1AH56,0.244,1.0,0.294,-9.589,1.0,40.0,2019-03-29,0.175,Guns,Quelle Chris,Obamacare,78.724,4.0,audio_features,spotify:track:37HiXJE6AXeMa9u8g1AH56,0.227
0.166,0.607,245333.0,0.713,0ToC28lLiwEKyQdN4FXypS,0.0,5.0,0.769,-6.206,1.0,58.0,2018-07-19,0.243,1998 TRUMAN,BROCKHAMPTON,1998 TRUMAN,134.994,4.0,audio_features,spotify:track:0ToC28lLiwEKyQdN4FXypS,0.482
0.278,0.765,153351.0,0.542,6JyEh4kl9DLwmSAoNDRn5b,1.87e-05,1.0,0.609,-6.755,1.0,70.0,2018-06-08,0.39,KIDS SEE GHOSTS,KIDS SEE GHOSTS,4th Dimension,171.945,4.0,audio_features,spotify:track:6JyEh4kl9DLwmSAoNDRn5b,0.734
0.359,0.409,280842.0,0.678,6TodWdTSDfzwgYynTZSvJn,4.76e-06,9.0,0.167,-7.731,1.0,75.0,2018-07-20,0.0878,Head In The Clouds,88rising,Midsummer Madness,89.968,4.0,audio_features,spotify:track:6TodWdTSDfzwgYynTZSvJn,0.168
0.0171,0.64,188615.0,0.653,6V0PPYLaQ5fCAPftwIgpuN,0.000215,5.0,0.119,-6.039,1.0,66.0,2019-01-24,0.0281,Moderation,Florence + The Machine,Moderation,129.986,4.0,audio_features,spotify:track:6V0PPYLaQ5fCAPftwIgpuN,0.611
0.925,0.522,292453.0,0.231,34KZBn42h1icn5V2w0YWEN,0.0,6.0,0.116,-7.229,1.0,54.0,2019-01-01,0.0374,My Mistake (Piano Version),Gabrielle Aplin,My Mistake - Piano Version,127.424,4.0,audio_features,spotify:track:34KZBn42h1icn5V2w0YWEN,0.497
0.00626,0.532,246441.0,0.632,1y4DajjvaZq3GDIKsYdhDr,0.0,7.0,0.0978,-5.419,0.0,41.0,2014-09-03,0.0366,Cathedrals EP,Cathedrals,Harlem,143.983,4.0,audio_features,spotify:track:1y4DajjvaZq3GDIKsYdhDr,0.402
0.712,0.41,260867.0,0.364,37VJ3D6WLJcKjW8N4Ccodk,1.32e-05,9.0,0.152,-8.517,1.0,24.0,2006,0.0351,The Life Pursuit,Belle & Sebastian,Act of the Apostle II,150.911,4.0,audio_features,spotify:track:37VJ3D6WLJcKjW8N4Ccodk,0.245
0.613,0.57,300801.0,0.504,5MBKDKheLzcGoRYGWpFNNg,0.124,4.0,0.111,-7.417,1.0,42.0,2016-10-28,0.028,Away for All Time,Many Voices Speak,Video Child,119.975,4.0,audio_features,spotify:track:5MBKDKheLzcGoRYGWpFNNg,0.288
0.478,0.53,369307.0,0.652,4ZB6Wrh3QUnjfl9ciZXeGh,0.28,10.0,0.106,-10.656,0.0,47.0,2018-08-31,0.0339,Tank Town,Many Voices Speak,Bony Shelter,84.023,4.0,audio_features,spotify:track:4ZB6Wrh3QUnjfl9ciZXeGh,0.323
0.149,0.543,205893.0,0.549,41oqThgUF4yiNz77TazXtl,0.082,0.0,0.114,-6.497,1.0,55.0,2017-01-09,0.0306,Now & Then,Sjowgren,Now & Then,80.079,4.0,audio_features,spotify:track:41oqThgUF4yiNz77TazXtl,0.404
0.591,0.444,211120.0,0.376,1jCfkIVUwdHAne3qnj3LLq,0.0476,0.0,0.0884,-13.598,1.0,21.0,2018-02-09,0.0687,Expectations,Wild Child,Follow Me,92.019,4.0,audio_features,spotify:track:1jCfkIVUwdHAne3qnj3LLq,0.0798
0.791,0.711,174400.0,0.258,22wcNdDej7sJO0UnaerFN7,0.000879,10.0,0.101,-8.956,0.0,54.0,2017-03-23,0.0693,World On Fire,Louis The Child,World On Fire,75.007,4.0,audio_features,spotify:track:22wcNdDej7sJO0UnaerFN7,0.423
0.832,0.506,373867.0,0.466,1kJYmG59kwtbs2rvkqpzB6,0.648,8.0,0.153,-12.183,1.0,46.0,2016-07-29,0.0372,Looking for Knives,DYAN,Looking for Knives,110.132,4.0,audio_features,spotify:track:1kJYmG59kwtbs2rvkqpzB6,0.0859
0.736,0.498,280000.0,0.501,3Dce4qBRrIbSB2kbgq5H9r,0.239,10.0,0.111,-12.513,1.0,23.0,2018-07-13,0.0479,Absence,DYAN,Absence,160.058,4.0,audio_features,spotify:track:3Dce4qBRrIbSB2kbgq5H9r,0.346
0.154,0.601,213000.0,0.499,5t8y1PHIZdLcNLws8vg4rf,6e-06,8.0,0.265,-6.795,1.0,41.0,2017-07-21,0.0342,Happy Birthday,Blood Cultures,Phospholipid,94.867,4.0,audio_features,spotify:track:5t8y1PHIZdLcNLws8vg4rf,0.402
0.658,0.661,273533.0,0.585,62oCnK99vT8HOgwPsvXuiM,0.876,5.0,0.102,-11.255,1.0,59.0,2017-09-15,0.0367,Snow,Angus & Julia Stone,Chateau,129.98,4.0,audio_features,spotify:track:62oCnK99vT8HOgwPsvXuiM,0.606
0.0169,0.631,186680.0,0.565,1jTx0HJI6hPexjNKAQa8jB,0.0921,11.0,0.543,-6.56,0.0,42.0,2018-11-27,0.0661,1996,Wild Child,1996,187.996,4.0,audio_features,spotify:track:1jTx0HJI6hPexjNKAQa8jB,0.719
0.201,0.781,234880.0,0.424,7jyEUpROtvKSVlMwDsuZjp,0.0,2.0,0.145,-8.583,1.0,23.0,2018-02-09,0.0357,Expectations,Wild Child,Think It Over,108.008,4.0,audio_features,spotify:track:7jyEUpROtvKSVlMwDsuZjp,0.194
0.104,0.693,257827.0,0.624,6l6vgauYDMbKOfg5OX5sP2,0.000215,11.0,0.0659,-6.459,0.0,27.0,2018-02-09,0.04,Expectations,Wild Child,Expectations,113.999,3.0,audio_features,spotify:track:6l6vgauYDMbKOfg5OX5sP2,0.526
0.555,0.64,234680.0,0.447,5KYmcAfpQxBeyiRyPxtleQ,0.00349,0.0,0.188,-9.651,1.0,12.0,2018-02-09,0.0322,Expectations,Wild Child,Leave It Alone,125.87,4.0,audio_features,spotify:track:5KYmcAfpQxBeyiRyPxtleQ,0.165
0.613,0.57,300801.0,0.504,5izGOmD48YmEZzsllvvuce,0.124,4.0,0.111,-7.417,1.0,0.0,2016-09-29,0.028,Video Child,Many Voices Speak,Video Child,119.975,4.0,audio_features,spotify:track:5izGOmD48YmEZzsllvvuce,0.288
0.139,0.662,196547.0,0.712,3GGg9FWBlAjrAvC16kazer,0.183,3.0,0.0403,-7.168,0.0,57.0,2015-04-10,0.29,Someday Somewhere,Mura Masa,Lovesick,87.847,4.0,audio_features,spotify:track:3GGg9FWBlAjrAvC16kazer,0.793
0.00179,0.559,177693.0,0.452,5PaViyJwv0XJbCcrnBNuAt,0.00135,0.0,0.376,-6.549,0.0,53.0,2016-10-07,0.0282,Three,Phantogram,Cruel World,80.038,4.0,audio_features,spotify:track:5PaViyJwv0XJbCcrnBNuAt,0.197
0.127,0.606,292440.0,0.428,0TA4r8kEKQz0one72rIv7f,0.614,7.0,0.131,-8.435,1.0,42.0,2017-11-06,0.0391,Waiting Room,Sjowgren,Waiting Room,145.992,4.0,audio_features,spotify:track:0TA4r8kEKQz0one72rIv7f,0.292
0.756,0.815,221372.0,0.551,59XAeiydEhfKapGu79U2lX,0.0383,0.0,0.176,-6.567,0.0,45.0,2016-06-12,0.0538,sotto voce,slenderbodies,sublime,133.392,4.0,audio_features,spotify:track:59XAeiydEhfKapGu79U2lX,0.853
0.2,0.454,211573.0,0.783,5wlBxdMkHKB6dacljNMeLb,0.00307,3.0,0.181,-4.224,1.0,2.0,2017-07-14,0.0501,Ultralife,Oh Wonder,Ultralife,95.195,4.0,audio_features,spotify:track:5wlBxdMkHKB6dacljNMeLb,0.488
0.249,0.637,224740.0,0.476,6Nl5jjykRxa7salssZ0aER,1.07e-06,11.0,0.115,-7.135,0.0,5.0,2015-09-04,0.058,Oh Wonder,Oh Wonder,Without You,87.019,4.0,audio_features,spotify:track:6Nl5jjykRxa7salssZ0aER,0.265
0.825,0.557,264587.0,0.363,6CTTipcCa8RZX8aY0mttHa,0.00433,8.0,0.0771,-7.956,1.0,48.0,2016-08-19,0.0292,Same Drugs,MisterWives,Same Drugs,89.812,4.0,audio_features,spotify:track:6CTTipcCa8RZX8aY0mttHa,0.272
0.0617,0.771,237012.0,0.483,3MtKIXNloZcpMhk2WEl9oZ,0.000319,8.0,0.107,-8.169,1.0,31.0,2016-07-29,0.0395,Better Parts,Tiny Tiny,Better Parts,95.977,4.0,audio_features,spotify:track:3MtKIXNloZcpMhk2WEl9oZ,0.482
0.0299,0.587,199563.0,0.749,4sly2AxpMPR5IDdb3t6772,0.281,5.0,0.11,-5.71,0.0,28.0,2018-01-11,0.0252,Follow Me,The Shacks,Follow Me,105.472,4.0,audio_features,spotify:track:4sly2AxpMPR5IDdb3t6772,0.574
0.0136,0.325,201462.0,0.689,3FmJAfw1lh4VcmrlXSBrAC,0.515,0.0,0.451,-7.338,1.0,41.0,2016-10-28,0.0656,The Shacks,The Shacks,This Strange Effect,212.558,4.0,audio_features,spotify:track:3FmJAfw1lh4VcmrlXSBrAC,0.747
0.427,0.448,221868.0,0.617,5EOyWTFvE2qdvKxX0ulIVN,0.00884,7.0,0.13,-9.364,0.0,39.0,2016-10-28,0.0482,The Shacks,The Shacks,Orchids,103.771,4.0,audio_features,spotify:track:5EOyWTFvE2qdvKxX0ulIVN,0.559
0.387,0.634,178197.0,0.506,2DfspYTnWFOPlGKXJKnqXb,3.88e-05,11.0,0.123,-11.668,0.0,39.0,2018-01-11,0.0394,fabulist: extended,slenderbodies,blood to gold,85.203,4.0,audio_features,spotify:track:2DfspYTnWFOPlGKXJKnqXb,0.614
0.106,0.557,174798.0,0.814,099NgYQditsnMhePFr61Fl,0.0,8.0,0.0676,-5.37,1.0,45.0,2016-09-30,0.0498,Where'd Your Weekend Go?,The Mowgli's,Spacin Out,91.05,4.0,audio_features,spotify:track:099NgYQditsnMhePFr61Fl,0.795
0.289,0.537,243160.0,0.712,0iTpQYzJnYgh7kIxyq8A2O,0.00568,5.0,0.08,-5.597,1.0,68.0,2009-05-24,0.0286,Veckatimest,Grizzly Bear,Two Weeks,159.871,4.0,audio_features,spotify:track:0iTpQYzJnYgh7kIxyq8A2O,0.704
0.107,0.534,305867.0,0.738,2ZRvcRcKdwQBjTAqj2XNJN,0.139,8.0,0.0871,-6.237,0.0,58.0,2017-08-18,0.0293,Painted Ruins,Grizzly Bear,Losing All Sense,96.053,4.0,audio_features,spotify:track:2ZRvcRcKdwQBjTAqj2XNJN,0.616
0.139,0.536,219840.0,0.781,5S6ZarSxSXuls410GuZLQS,0.0,1.0,0.0968,-4.848,1.0,0.0,2013-02-26,0.0386,Mutual Friends (Bonus Version),BOY,Little Numbers,191.802,4.0,audio_features,spotify:track:5S6ZarSxSXuls410GuZLQS,0.712
0.887,0.4,253013.0,0.525,4AmcmraFjVzFb9SQDNTRyl,0.00543,0.0,0.117,-11.294,1.0,61.0,2013-01-01,0.0435,If You Leave,Daughter,Youth,146.977,4.0,audio_features,spotify:track:4AmcmraFjVzFb9SQDNTRyl,0.408
0.633,0.599,180120.0,0.36,5pLpkaIRobcvPnUmclNv6o,5.44e-05,5.0,0.0849,-10.347,0.0,62.0,2015-09-04,0.032,Oh Wonder,Oh Wonder,Technicolour Beat,130.029,4.0,audio_features,spotify:track:5pLpkaIRobcvPnUmclNv6o,0.0956
0.42,0.792,228837.0,0.393,5kDGMyVaApebWfHvP1NP3Q,0.00278,9.0,0.0396,-11.571,1.0,1.0,2017-03-17,0.0549,Sky Blush,Matilda Lucas,Sky Blush,85.982,4.0,audio_features,spotify:track:5kDGMyVaApebWfHvP1NP3Q,0.806
0.65,0.549,236279.0,0.594,6cWZQNgaL8yLtezJvag9Y9,3.57e-05,8.0,0.127,-6.302,1.0,52.0,2015-06-03,0.0496,Pacing,Tep No,Pacing,99.936,4.0,audio_features,spotify:track:6cWZQNgaL8yLtezJvag9Y9,0.324
0.68,0.558,238640.0,0.47,3JeT6Xcv6MlEHHylk8SKQ1,0.914,7.0,0.532,-5.5,1.0,58.0,2009-06-22,0.0316,Ambivalence Avenue,Bibio,lovers’ carvings,118.06,4.0,audio_features,spotify:track:3JeT6Xcv6MlEHHylk8SKQ1,0.427
0.223,0.628,197625.0,0.83,3bhhM8sG53lsPYRpakieZB,0.0,5.0,0.151,-4.13,1.0,3.0,2016-03-11,0.0386,Swim,Fickle Friends,Swim,104.97,4.0,audio_features,spotify:track:3bhhM8sG53lsPYRpakieZB,0.691
0.487,0.452,284893.0,0.481,4gWHgb6xok2dydXnEm1On5,0.0,7.0,0.135,-10.769,1.0,43.0,2014-01-01,0.0441,The Hanging Gardens Of Beatenberg,Beatenberg,The Prince Of The Hanging Gardens,125.024,4.0,audio_features,spotify:track:4gWHgb6xok2dydXnEm1On5,0.355
0.12,0.658,217600.0,0.463,7i28aaEucsoEeEfZLHZHb1,0.00443,9.0,0.406,-12.774,1.0,43.0,2017-06-17,0.0359,Zest Pop,Mustard Service,Taking Up Space,90.055,4.0,audio_features,spotify:track:7i28aaEucsoEeEfZLHZHb1,0.749
0.017,0.641,288787.0,0.445,78iHBb0JY2JjcWp9AkKBlc,0.00632,0.0,0.111,-7.674,0.0,16.0,2015-09-11,0.0258,Wake,Social Studies,Drifty,107.615,4.0,audio_features,spotify:track:78iHBb0JY2JjcWp9AkKBlc,0.437
0.862,0.397,237405.0,0.188,3dJSC3yIV69Afxvme5qf5d,0.000615,8.0,0.126,-12.851,0.0,42.0,2015-04-18,0.0364,Demos,Sjowgren,Drifty,184.057,3.0,audio_features,spotify:track:3dJSC3yIV69Afxvme5qf5d,0.35
0.282,0.274,314067.0,0.13,6SHfaJ1GWWSbMNc7ekQgHp,3.93e-05,1.0,0.0797,-11.393,1.0,38.0,2010-09-21,0.0342,Epic,Sharon Van Etten,Love More,139.961,4.0,audio_features,spotify:track:6SHfaJ1GWWSbMNc7ekQgHp,0.0391
0.362,0.601,266400.0,0.432,2BtirGqfLckCNPF9x5WoFC,0.0561,7.0,0.106,-9.584,0.0,38.0,2018-03-30,0.0474,Be The One,Luna Shadows,Be The One,149.851,4.0,audio_features,spotify:track:2BtirGqfLckCNPF9x5WoFC,0.169
0.117,0.47,192002.0,0.74,1hbTCoAFpDbxkHy2B5yU29,0.0,11.0,0.103,-5.439,0.0,26.0,2019-02-13,0.356,Guns,Quelle Chris,Guns,70.472,4.0,audio_features,spotify:track:1hbTCoAFpDbxkHy2B5yU29,0.762
0.95,0.544,213373.0,0.316,0dcKsPZVWa64MvnoCes49q,0.7,4.0,0.0978,-11.666,1.0,65.0,2019-04-04,0.0307,Light Years,The National,Light Years,124.989,4.0,audio_features,spotify:track:0dcKsPZVWa64MvnoCes49q,0.173
0.822,0.556,245640.0,0.58,3Wx7jTOiNQir0Q9VpxYuhR,0.00594,1.0,0.111,-6.925,1.0,50.0,2019-04-03,0.0249,Cattails,Big Thief,Cattails,80.514,4.0,audio_features,spotify:track:3Wx7jTOiNQir0Q9VpxYuhR,0.702
0.0168,0.537,265920.0,0.772,3buy5Ooz6uNL48W1yBUzbM,0.208,5.0,0.0686,-7.367,1.0,49.0,2019-01-08,0.0492,Seventeen,Sharon Van Etten,Seventeen,127.097,4.0,audio_features,spotify:track:3buy5Ooz6uNL48W1yBUzbM,0.242
0.715,0.583,187036.0,0.527,5jEHZAJlxIf6bK9LkKnRH0,6.7e-06,11.0,0.154,-7.876,1.0,55.0,2019-01-01,0.0733,Song 31,Noname,Song 31,97.346,4.0,audio_features,spotify:track:5jEHZAJlxIf6bK9LkKnRH0,0.395
0.367,0.463,280187.0,0.462,0L6lVIgGqVHnmR3BIy8GHa,0.0012,1.0,0.356,-7.94,0.0,42.0,2019-01-17,0.0272,Andromeda,Weyes Blood,Andromeda,131.273,4.0,audio_features,spotify:track:0L6lVIgGqVHnmR3BIy8GHa,0.189
0.0559,0.483,357419.0,0.858,7CtuhUpzDJU73RF9stMgWC,0.00107,9.0,0.514,-2.94,0.0,46.0,2019-01-22,0.0346,Exits,Foals,Exits,188.055,4.0,audio_features,spotify:track:7CtuhUpzDJU73RF9stMgWC,0.712
0.153,0.526,276893.0,0.489,3VDRXEOQDjBsQyzbFs1qGa,0.103,1.0,0.135,-6.249,0.0,55.0,2014-03-07,0.22,Oddments,King Gizzard & The Lizard Wizard,Work This Time,113.913,1.0,audio_features,spotify:track:3VDRXEOQDjBsQyzbFs1qGa,0.53
0.301,0.629,306760.0,0.579,6XVDZoNVGvWhfSoqQhjJZI,0.22,10.0,0.116,-8.544,1.0,55.0,2017-06-09,0.0255,Capacity,Big Thief,Mythological Beauty,106.673,4.0,audio_features,spotify:track:6XVDZoNVGvWhfSoqQhjJZI,0.475
0.0803,0.586,126698.0,0.614,2HLtRAcBAWd4y7TfVVoIpm,1.94e-05,4.0,0.152,-7.275,1.0,64.0,2017-06-16,0.0307,Bedroom Tapes,Jakob Ogawa,Let It Pass,88.222,4.0,audio_features,spotify:track:2HLtRAcBAWd4y7TfVVoIpm,0.301
0.75,0.67,141587.0,0.419,41o2ydrj7Xm9Yt5odIBqq4,0.135,6.0,0.0976,-10.523,0.0,63.0,2018-04-05,0.0751,Velvet Light,Jakob Ogawa,Velvet Light,77.919,4.0,audio_features,spotify:track:41o2ydrj7Xm9Yt5odIBqq4,0.513
0.132,0.698,165391.0,0.542,4rCKRVJZKVysScn2piDuOT,0.00117,2.0,0.199,-4.317,1.0,53.0,2018-03-02,0.131,Superorganism,Superorganism,Something For Your M.I.N.D.,140.096,4.0,audio_features,spotify:track:4rCKRVJZKVysScn2piDuOT,0.664
0.691,0.581,216693.0,0.455,6oQr3o6tXx7ESYG2sHpNMl,3.38e-05,2.0,0.128,-6.778,1.0,50.0,2018-07-13,0.0348,Still Run,Wet,Still Run (feat. Starchild & The New Romantic),113.761,4.0,audio_features,spotify:track:6oQr3o6tXx7ESYG2sHpNMl,0.207
0.073,0.754,121347.0,0.342,5qHirGR7M9tdm6C17DlzSY,0.0,10.0,0.193,-8.677,0.0,78.0,2018-08-15,0.0991,ONEPOINTFIVE,Aminé,REEL IT IN,128.981,4.0,audio_features,spotify:track:5qHirGR7M9tdm6C17DlzSY,0.423
0.119,0.598,213699.0,0.584,62crJjeje0T8g5N3Tuq00V,0.000427,9.0,0.121,-10.079,1.0,61.0,2017-08-22,0.0533,Summer's Gone,NoMBe,Summer's Gone,145.937,4.0,audio_features,spotify:track:62crJjeje0T8g5N3Tuq00V,0.188
0.00239,0.581,242172.0,0.914,0t8L9kP2PIg8WnJZc1sGhV,0.0672,7.0,0.357,-5.577,1.0,43.0,2018-02-16,0.0359,In a Poem Unlimited,U.S. Girls,Pearly Gates,88.951,4.0,audio_features,spotify:track:0t8L9kP2PIg8WnJZc1sGhV,0.748
0.613,0.388,270095.0,0.322,11r8xMuVTS66RjtYgLneRw,0.000534,2.0,0.0887,-8.933,1.0,26.0,2018-05-23,0.0356,Fallingwater,Maggie Rogers,Fallingwater,86.739,4.0,audio_features,spotify:track:11r8xMuVTS66RjtYgLneRw,0.454
0.938,0.418,273467.0,0.273,46Vogr8UvzcVPAgDvBpDIr,4.06e-05,0.0,0.0897,-8.887,1.0,53.0,2017-10-27,0.0305,Turn Out the Lights,Julien Baker,Appointments,110.623,3.0,audio_features,spotify:track:46Vogr8UvzcVPAgDvBpDIr,0.0585
0.351,0.699,219039.0,0.488,7o0pIPVWsYkjppWG909ieo,0.00135,2.0,0.115,-7.879,1.0,22.0,2015-10-02,0.0426,Fools,Wild Child,Meadows,124.991,4.0,audio_features,spotify:track:7o0pIPVWsYkjppWG909ieo,0.186
0.843,0.33,284232.0,0.152,4LaV7WF9nTy1NFOXZYtDgy,0.0,3.0,0.219,-15.073,1.0,20.0,2017-11-09,0.0358,Inure - EP,St. South,Safe,98.157,4.0,audio_features,spotify:track:4LaV7WF9nTy1NFOXZYtDgy,0.0376
0.32,0.348,231931.0,0.207,5J34dOCc5JyPXNAvGS3D3F,3.17e-06,4.0,0.384,-10.816,1.0,0.0,2017-11-03,0.054,Grace,Racoon Racoon,Grace,167.584,3.0,audio_features,spotify:track:5J34dOCc5JyPXNAvGS3D3F,0.145
0.11,0.579,185560.0,0.63,35vxAlob7VdBrGKU2hnpOU,0.00427,5.0,0.369,-8.275,1.0,36.0,2015-11-06,0.289,Post Knight Errant,Boom Forest,Been,82.899,4.0,audio_features,spotify:track:35vxAlob7VdBrGKU2hnpOU,0.311
0.32,0.316,267093.0,0.543,0YTyoeb6lyUTiLBIVJhl1Y,0.171,7.0,0.124,-7.099,1.0,42.0,2016-09-19,0.0319,Love and War,Fleurie,Sirens,136.742,4.0,audio_features,spotify:track:0YTyoeb6lyUTiLBIVJhl1Y,0.041
0.133,0.729,194667.0,0.381,516ILYgvDdMV4QzeKQzkhf,0.00095,1.0,0.557,-10.474,1.0,0.0,2017-04-21,0.0418,Vices,Una Mey,Vices,89.939,4.0,audio_features,spotify:track:516ILYgvDdMV4QzeKQzkhf,0.198
0.641,0.644,218333.0,0.473,7HrdrDCJWFRpU5eqgTJyHB,0.771,4.0,0.129,-6.986,1.0,37.0,2015-09-04,0.029,Friends,Brijs,Friends,107.995,4.0,audio_features,spotify:track:7HrdrDCJWFRpU5eqgTJyHB,0.288
0.158,0.529,290128.0,0.626,7mE57yFVWevAttx4HvLZKi,0.587,6.0,0.114,-8.066,0.0,55.0,2017-06-23,0.049,Vera,Crooked Colours,Flow,117.985,4.0,audio_features,spotify:track:7mE57yFVWevAttx4HvLZKi,0.231
0.145,0.563,231000.0,0.466,023DWrHHWSjXF7cBJLFu4s,0.801,11.0,0.123,-9.656,1.0,39.0,2017-06-06,0.0282,Suburban Lore,Ten Sleep,Darkroom,79.0,4.0,audio_features,spotify:track:023DWrHHWSjXF7cBJLFu4s,0.184
0.131,0.478,209960.0,0.552,0uSdPf2hj1cVHBFBjCC1Xr,0.159,2.0,0.103,-6.46,1.0,43.0,1997-11-18,0.0337,The Lonesome Crowded West,Modest Mouse,Polar Opposites,175.945,4.0,audio_features,spotify:track:0uSdPf2hj1cVHBFBjCC1Xr,0.891
0.215,0.614,200058.0,0.534,5ZSyO6LRzLgoQQW2yT7pAP,0.000166,7.0,0.0859,-5.244,1.0,32.0,2016-10-28,0.032,Silver Lining,Evan Wize,Silver Lining,109.933,4.0,audio_features,spotify:track:5ZSyO6LRzLgoQQW2yT7pAP,0.156
0.184,0.791,171392.0,0.494,6zlBoRMKQv2UyrafMVoQlq,0.0182,9.0,0.482,-8.705,1.0,58.0,2019-02-26,0.347,CLONES,Tierra Whack,CLONES,146.003,4.0,audio_features,spotify:track:6zlBoRMKQv2UyrafMVoQlq,0.6
0.392,0.663,262520.0,0.522,38ydcsbayM4oX21Hhu84DT,5.41e-06,1.0,0.197,-8.741,1.0,63.0,2014-05-27,0.0374,Are We There,Sharon Van Etten,Every Time the Sun Comes Up,99.765,4.0,audio_features,spotify:track:38ydcsbayM4oX21Hhu84DT,0.301
0.0831,0.611,340293.0,0.389,5movaV8AbXpYdmfs1ASxDr,0.0508,10.0,0.0936,-10.332,1.0,21.0,2006-02-07,0.0308,The Life Pursuit,Belle & Sebastian,Mornington Crescent,135.033,4.0,audio_features,spotify:track:5movaV8AbXpYdmfs1ASxDr,0.33
0.888,0.708,232720.0,0.19,6bdMVdLaBB781XzlMt2OpE,0.233,3.0,0.0805,-14.526,1.0,34.0,2016-07-29,0.0378,Looking for Knives,DYAN,Ooh Song,90.056,4.0,audio_features,spotify:track:6bdMVdLaBB781XzlMt2OpE,0.306
0.308,0.511,285151.0,0.594,7lwicoQ2H9yfQ4ItnNrdHv,0.00418,11.0,0.0344,-8.132,0.0,35.0,2017-04-28,0.0465,Pleasure,Feist,Pleasure,121.799,4.0,audio_features,spotify:track:7lwicoQ2H9yfQ4ItnNrdHv,0.356
